id,name,model_id:id,group_id:id,perm_read,perm_write,perm_create,perm_unlink
access_estate_property,estate.property,model_estate_property,base.group_user,1,1,1,1
access_estate_property_type,estate.property.type,model_estate_property_type,base.group_user,1,1,1,1
access_estate_property_tag,estate.property.tag,model_estate_property_tag,base.group_user,1,1,1,1
access_estate_property_offer,estate.property.offer,model_estate_property_offer,base.group_user,1,1,1,1
access_estate_property_inherited_model,estate.property.inherited.model,model_res_users,base.group_user,1,1,1,1


